Processors,1,2,3,4,5,6,7,8
Rwal execution time,0.000036,0.000025,0.00003,0.00004,0.000034,0.000039,0.000048,0.000055